{"cameraMode":{"drawMode":0,"name":"Shaded","section":"Shading Mode"},"sceneLighting":false,"audioPlay":false,"sceneViewState":{"showFog":true,"showMaterialUpdate":false,"showSkybox":true,"showFlares":true,"showImageEffects":true,"showParticleSystems":true},"in2DMode":false,"pivot":{"x":9.517365455627442,"y":1.0699999332427979,"z":4.079999923706055},"rotation":{"x":-0.0643710121512413,"y":-0.7551581263542175,"z":0.07501181960105896,"w":-0.648047685623169},"size":45.726139068603519,"orthographic":false}