{"cameraMode":{"drawMode":0,"name":"Shaded","section":"Shading Mode"},"sceneLighting":false,"audioPlay":false,"sceneViewState":{"showFog":true,"showMaterialUpdate":false,"showSkybox":true,"showFlares":true,"showImageEffects":true,"showParticleSystems":true},"in2DMode":false,"pivot":{"x":1.8340356349945069,"y":4.937787055969238,"z":2.4417829513549806},"rotation":{"x":0.17118030786514283,"y":0.7551982402801514,"z":-0.21757525205612184,"w":0.5941666960716248},"size":0.4286823868751526,"orthographic":false}