{"cameraMode":{"drawMode":0,"name":"Shaded","section":"Shading Mode"},"sceneLighting":false,"audioPlay":false,"sceneViewState":{"showFog":true,"showMaterialUpdate":false,"showSkybox":true,"showFlares":true,"showImageEffects":true,"showParticleSystems":true},"in2DMode":false,"pivot":{"x":7.968848705291748,"y":0.9804748892784119,"z":7.971914291381836},"rotation":{"x":0.3557150959968567,"y":-0.6368805170059204,"z":0.4190889894962311,"w":0.5405686497688294},"size":9.897968292236329,"orthographic":false}