{"cameraMode":{"drawMode":0,"name":"Shaded","section":"Shading Mode"},"sceneLighting":false,"audioPlay":false,"sceneViewState":{"showFog":true,"showMaterialUpdate":false,"showSkybox":true,"showFlares":true,"showImageEffects":true,"showParticleSystems":true},"in2DMode":false,"pivot":{"x":8.430000305175782,"y":0.699999988079071,"z":8.26099967956543},"rotation":{"x":-0.24762608110904694,"y":0.7365970015525818,"z":-0.3476811945438385,"w":-0.5246179699897766},"size":1.2253384590148926,"orthographic":false}