{"cameraMode":{"drawMode":0,"name":"Shaded","section":"Shading Mode"},"sceneLighting":true,"audioPlay":false,"sceneViewState":{"showFog":true,"showMaterialUpdate":false,"showSkybox":true,"showFlares":true,"showImageEffects":true,"showParticleSystems":true},"in2DMode":false,"pivot":{"x":4.799592018127441,"y":2.6636195182800295,"z":1.9496994018554688},"rotation":{"x":-0.03730066120624542,"y":-0.5962157845497131,"z":0.027749041095376016,"w":-0.8014770746231079},"size":19.712364196777345,"orthographic":false}