{"cameraMode":{"drawMode":0,"name":"Shaded","section":"Shading Mode"},"sceneLighting":true,"audioPlay":false,"sceneViewState":{"showFog":true,"showMaterialUpdate":false,"showSkybox":true,"showFlares":true,"showImageEffects":true,"showParticleSystems":true},"in2DMode":false,"pivot":{"x":-2.663173198699951,"y":4.192920684814453,"z":1.5925464630126954},"rotation":{"x":0.16882695257663728,"y":0.8302273154258728,"z":-0.35327786207199099,"w":0.3967553675174713},"size":19.38368797302246,"orthographic":false}